entidad_a,enticve1,numeral,nombre1,presue1,presue2
1,01,1,APOYO A LA POBLACION VULNERABLE,22968000,22942653.11
1,01,2,APOYO ECONOMICO TEMPORAL PARA LA MEJORA DE ESPACIOS COMUNITARIOS,6010000,4811172.68
1,01,3,ATENCION CIUDADANA,4280300,5486182.76
1,01,4,CONTIGO VAMOS,6665600,6665598
1,01,5,CONTIGO PODEMOS,56548200,78557959.29
1,01,6,FORTALECIMIENTO DE LAS ORGANIZACIONES DE LA SOCIEDAD CIVIL,10270800,10049412.73
2,02,1,EMPODERAMIENTO SOCIAL,73516112,41339302.35
2,02,2,IMPULSO A LA ECONOMIA SOCIAL,30205200,25664797.03
2,02,3,GENERANDO BIENESTAR,534354820,164541041.38
2,02,4,ALIMENTACION QUE TRANSFORMA,374427343,307838205
3,03,1,SUBPROGRAMA CAPACITACION PARA LA EMPLEABILIDAD,3439775.44,3216160
3,03,2,SUBPROGRAMA FOMENTO AL AUTOEMPLEO Y AL EMPRENDIMIENTO,2258000,2055025.5
3,03,3,ALIMENTARIO,1500478.83,1500478.83
3,03,4,IMPULSO PRODUCTIVO FAMILIAR,1000000,1000000
3,03,5,ELECTRIFICACION,5408243.73,3123906.75
3,03,6,ENERGIA ALTERNA,7673637.9,7673637.9
3,03,7,SUMINISTRO DE DIESEL,7698158,7698158
3,03,8,PROGRAMA ESTATAL DE FINANCIAMIENTO A MUJERES EMPRENDEDORAS SUDCALIFORNIANAS,5430953,0
4,04,1,APRENDE,6606000,6286955
4,04,2,CRECE,10672880,10672880
4,04,3,SOLUCIONES,37196475,35312324
4,04,4,FORTALECIMIENTO DE ESPACIOS COMUNITARIOS,1000000,997224
4,04,5,MUJER INDIGENA EN DESARROLLO,21813000,21813000
5,05,1,DESAYUNOS ESCOLARES VERTIENTE CALIENTES,125090795.96,122490766
5,05,2,DESAYUNOS ESCOLARES VERTIENTE FRIOS,55253431.13,55253431.13
5,05,3,ASISTENCIA SOCIAL ALIMENTARIA A PERSONAS DE ATENCION PRIORITARIA CALIENTES,16676693.78,16676693.78
5,05,4,ASISTENCIA SOCIAL ALIMENTARIA A PERSONAS DE ATENCION PRIORITARIA FRIOS,25596473.99,25596473.9
5,05,5,ASISTENCIA SOCIAL ALIMENTARIA EN LOS PRIMEROS 1000 DIAS DE VIDA,2803605,2803605
5,05,6,COCINAS POPULARES Y UNIDADES DE SERVICIOS INTEGRALES,4367999.95,4367999.95
5,05,7,ORIENTACION ALIMENTARIA,NA,NA
5,05,8,BIENESTAR INTEGRAL NUTRICIONAL,NA,NA
5,05,9,EL CAMBALACHE RECAPACICLO Y GANO,1295410.96,1102892.36
5,05,10,MACROBRIGADAS,NA,NA
5,05,11,SALUD Y BIENESTAR COMUNITARIO,2756331.2,1556331.19
5,05,12,UNIDADES PRODUCTIVAS DE DESARROLLO,1238404.99,1238404.91
5,05,13,CENTRO DE ATENCION E INTEGRACION FAMILIAR,2200000,1869392.69
5,05,14,MASCULINIDAD POR LA PAZ,NA,NA
5,05,15,DESARROLLO PSICOAFECTIVO DE LA PRIMERA INFANCIAPISOTON,NA,NA
5,05,16,CASA DE LAS NIÑAS Y LOS NIÑOS DE COAHUILA CASA CUNA,2715000,2715000
5,05,17,CASA DE LAS NIÑAS Y LOS NIÑOS DE COAHUILA ALBERGUE,3815000,3711388.55
5,05,18,ATENCION ESPECIALIZADA A NIÑAS NIÑOS Y ADOLESCENTES INSTITUCIONALIZADOS,1200000,1180828.13
5,05,19,CENTRO INTEGRAL Y DE INCLUSION SOCIAL PARA LAS PERSONAS CON DISCAPACIDAD,732000,453808.12
5,05,20,CENTRO INTEGRAL Y DE INCLUSION SOCIAL DEL ADULTO MAYOR,1285712,765598.66
5,05,21,ADULTO MAYOR EN ABANDONO,6000000,5041920.09
5,05,22,UNETE VAMOS A CHECARTE,650000,51695.01
5,05,23,CONTIGO EN LA ATENCION DE CANCER,150000,0
5,05,24,CORAZON A CORAZONCITO,1000000,22643.06
5,05,25,SONRISA FUERTE,50000,0
5,05,26,SEXUALIDAD RESPONSABLE,300000,0
5,05,27,CAMINO A CASA ATENCION A NIÑOS NIÑAS Y ADOLESCENTES MIGRANTES,500000,0
5,05,28,ATENCION AL DESALIENTO DEL TRABAJO INFANTIL,900000,0
5,05,29,JOVEN CONSENTIDO PREVENCION DE ADICCIONES BUEN TRATO,200000,0
5,05,30,NIÑ SAN NIÑ FUERTE,15000,0
5,05,31,BIENESTAR INTEGRAL DEL ADULTO MAYOR,2000000,0
5,05,32,ADULTOS MAYORES EN PLENITUD,2056099,0
5,05,33,CENTROS COMUNITARIOS Y COMEDORES DEL ADULTO MAYOR,20544000,16194849.43
5,05,34,CENTRO DE REHABILITACION Y EDUCACION ESPECIAL CENTRO DE REHABILITACION INTEGRAL,17661431.06,16155652.39
5,05,35,PROGRAMA ESTATAL PARA LA INCLUSION DE PERSONAS CON DISCAPACIDAD,1537200,0
5,05,36,UNIDADES ESPECIALIZADAS DE TRANSPORTE PARA PERSONAS CON DISCAPACIDAD,7500000,6003539.16
5,05,37,UNIDADES BASICAS DE REHABILITACION,NA,NA
5,05,38,CENTRO DE INVESTIGACION Y ATENCION DEL AUTISMO,NA,NA
5,05,39,FUNDACION MICHOU Y MAU,NA,NA
5,05,40,APRENDER PARA CRECER,1200000,1197324.27
5,05,41,ORGANIZACIONES UNIDAS POR COAHUILA,1500000,348438.33
5,05,42,RED DE VOLUNTARIOS POR COAHUILA,120000,0
5,05,43,FUERZA SOCIAL DIF,120000,0
5,05,44,FORTALECIENDO FAMILIAS,500000,0
5,05,45,GESTION SOCIAL,5250000,4048067.68
5,05,46,CAPILLAS DE VELACION,975000,355780.03
5,05,47,PROGRAMA DE APOYO A FAMILIAS COAHUILENSES,617123750,714143750
6,06,1,APOYO EXTRAORDINARIO ADULTOS MAYORES,4104660,1366190
6,06,2,PENSION PARA PERSONAS DE 60 A 64 AÑOS DE EDAD,26448000,8816000
6,06,3,MEJORANDO TU HOGAR,3000000,899877
6,06,4,DOTACIONES ALIMENTARIAS,2000000,225000
6,06,5,FORTALECIMIENTO DE ESTANCIAS INFANTILES,1000000,1000000
6,06,6,PROGRAMA UNIFORME ESCOLAR UNICO,0,0
7,07,1,FORTALECIMIENTO A LAS MUJERES ARTESANAS DE CHIAPAS,3140401.74,2558206.17
7,07,2,APOYO A LA ALIMENTACION PARA EL BIENESTAR,4136911.26,4122608.24
8,08,1,PROGRAMA DE INFRAESTRUCTURA DESARROLLO PAZ Y REENCUENTRO,50000000,49256357
8,08,2,INCLUSION PRODUCTIVA Y ECONOMIA SOLIDARIA (PIPES),12427016.51,12424016.51
8,08,3,FORTALECIMIENTO COMUNITARIO Y COHESION SOCIAL,49783251.17,49783251.17
8,08,4,CHIHUAHUA CRECE CONTIGO NIÑAS NIÑOS ADOLESCENTES Y JUVENTUDES,50054273.71,50054273.71
8,08,5,APOYOS A PERSONAS CON DISCAPACIDAD,114143495.41,114143382.41
8,08,6,ATENCION A SUJETOS PRIORITARIOS POR SITUACION DE VULNERABILIDAD PERSONAS MAYORES,45859758.19,45859758.19
8,08,7,UNIDOS CON VALOR POR JUAREZ,43001938.04,43001938.04
8,08,8,SEGURO CATASTROFICO AGRICOLA,12106834,11882834
8,08,9,PROGRAMA DE DESARROLLO FORESTAL SUSTENTABLE,2334706,2215921
8,08,10,APOYO PARA EL FOMENTO A LA ECONOMIA SOCIAL,3900000,1000000
8,08,11,JUNTOS POR LA SALUD DE LA MUJER EMBARAZADA NIÑOS Y NIÑAS MENORES DE SEIS AÑOS,1354361.49,1354361.49
8,08,12,PROGRAMA DE APOYO PARA LA INTEGRACION AL TRABAJO E INCORPORACION AL AUTOEMPLEO,7512623.2,7157329.93
8,08,13,PROGRAMA ESTATAL DE BECAS Y APOYOS EDUCATIVOS,65958619,25639274
8,08,14,MICROCREDITOS,5000000,4598153.98
8,08,15,ATENCION A LA POBLACION INDIGENA DEL ESTADO DE CHIHUAHUA,17139356.29,17223498.33
8,08,16,FOMENTO A LA PRODUCCION FAMILIAR INDIGENA DE LA REGION SERRANA,43759295.08,41037845.38
8,08,17,FOMENTO AL RESPETO DE LOS DERECHOS DE LAS Y LOS INDIGENAS,10838585.88,9745479.09
8,08,18,APOYO ALIMENTICIO A ESTUDIANTES EN NIVEL BASICO Y MEDIO SUPERIOR,8396083.29,9104409.41
8,08,19,APOYO INTEGRAL A MIGRANTES,2500000,1983097.58
8,08,20,ALIMENTACION Y DESARROLLO AUTOSUSTENTABLE DE LAS FAMILIAS,339777705.94,349023927.43
8,08,21,REHABILITACION FISICA INTEGRAL Y APOYOS FUNCIONALES,1624074,5158998.4
8,08,22,FORTALECIMIENTO FAMILIAR,530000,19503134.01
8,08,23,GESTION SOCIAL Y ATENCION A LA CIUDADANIA,18027053.9,12054046.28
8,08,24,PROGRAMA DE EDUCACION BASICA PARA ADULTOS,125122878.04,125122878.04
8,08,25,ATENCION A LA JUVENTUD,13040853.45,9542946.69
8,08,26,INSTITUCIONALIZACION DE LA PERSPECTIVA DE JUVENTUDES,1330940.72,1235293.35
8,08,27,IMPULSANDO JUVENTUDES,573931.83,429977.58
8,08,28,PROGRAMA DE APOYO A FAMILIARES DE VICTIMAS DE FEMINICIDIO,2726000,1721900
8,08,29,APOYOS AL DEPORTE,17700085.33,12062004.97
8,08,30,APOYOS DE VINCULACION DEPORTIVA,2796141.06,2499747.98
8,08,31,PROMOCION DEPORTIVA,20977995.47,18490917.41
8,08,32,PRACTICAS DEPORTIVAS FORMATIVAS,3411654.11,3102574.55
8,08,33,DESARROLLO DE HABILIDADES PARA LA INSERCION LABORAL,998160,998760
8,08,34,DESARROLLO DE HABILIDADES PARA EL TRABAJO,31980,31980
8,08,35,CIENCIA TECNOLOGIA E INNOVACION,35050877.11,33481086
8,08,36,PROGRAMA DE SISTEMAS DE CAPTACION DE AGUA DE LLUVIA Y SISTEMAS COLECTIVOS PARA EL SUMINISTRO DE AGUA CON FINES DE ABASTO DE AGUA POTABLE,78923110.76,69594203.84
8,08,37,PROGRAMA ESTATAL DE INFRAESTRUCTURA HIDRAULICA 2021,103227123.96,74469852.48
8,08,38,RECURSOS PROPIOS 2021,45117797.97,40747550.62
8,08,39,PROGRAMA FORTALECIMIENTO A ORGANIZACIONES DE LA SOCIEDAD CIVIL,5860000,4054300
8,08,40,CONVOCATORIA DE BECAS CONDONACION DE REINSCRIPCION,44713804,58173649.18
8,08,41,PROGRAMA DE ESTIMULOS AL DESEMPEÑO DOCENTE CONVOCATORIA 2020 2021,71784284.52,71529657.02
8,08,42,PROGRAMA DE ESTIMULOS AL DESEMPEÑO DOCENTE CONVOCATORIA 2021 2022,70604530.68,52858762.95
8,08,43,BECAS INTERNAS 2021 UT CAMARGO,618767,648195
8,08,44,ESTIMULOS EDUCATIVOS PARA LA FORMACION UNIVERSITARIA,3360801.6,2739918.59
8,08,45,VINCULACION CON LOS SECTORES PRODUCTIVOS SOCIALES Y EDUCATIVOS,1033973.7,760609.45
8,08,46,PROGRAMA DE INGRESO A LA EDUCACION SUPERIOR,910717.8,1787710.19
8,08,47,FORMACION EN EDUCACION SUPERIOR TECNOLOGICA,4408300.02,7134355.85
8,08,48,APOYO INSTITUCIONAL A LA EDUCACION SUPERIOR TECNOLOGICA,6808382.88,5762891.75
9,09,1,PROGRAMA DE COMEDORES PARA EL BIENESTAR EN LA CIUDAD DE MEXICO 2021,310000000,329500000
9,09,2,PROGRAMA MEJORAMIENTO BARRIAL Y COMUNITARIO TEQUIO BARRIO 2021,100000000,100000000
9,09,3,PROGRAMA SERVIDORES DE LA CIUDAD 2021,140000000,140575719
9,09,4,PROFESIONALIZACION DE LAS PERSONAS OPERADORAS DEL SERVICIO DE TRANSPORTE DE PASAJEROS PUBLICO COLECTIVO CONCESIONADO CLASIFICADO COMO RUTA 2021,44342944,26500000
9,09,5,PROGRAMA DE COINVERSION PARA EL BIENESTAR DE LAS MUJERES 2021,2000000,2000000
9,09,6,APOYO A MUJERES EN SITUACION DE VIOLENCIA DE GENERO,25000000,24999300
9,09,7,RED DE MUJERES EN ALERTA POR TI,5000000,4999981
9,09,8,SEGURO DE DESEMPLEO,150871282.9,150871282.9
9,09,9,FOMENTO CONSTITUCION FORTALECIMIENTO DE EMPRESAS SOCIALES Y SOLIDARIAS,83200936,83200936
9,09,10,FOMENTO AL TRABAJO DIGNO,46533262.79,46533262.79
9,09,11,PROMOTORES PARA EL BIENESTAR CULTURAL DE LA CIUDAD DE MEXICO,162000000,162000000
9,09,12,TALLERES DE ARTES Y OFICIOS PARA EL BIENESTAR CULTURAL DE LA CDMX,161781300,161129900
9,09,13,COLECTIVOS CULTURALES COMUNITARIOS DE LA CDMX,30000000,29450000
9,09,14,PILARES BECA BIENESTAR 2021,106520800,83853127
9,09,15,PILARES CIBERESCUELAS 2021,210383000,207500000
9,09,16,PILARES EDUCACION PARA LA AUTONOMIA ECONOMICA 2021,126107000,122837000
9,09,17,ATENCION PRIORITARIA A PERSONAS EGRESADAS DEL SISTEMA DE JUSTICIA PENAL DE LA CIUDAD DE MEXICO,1000000,939600
9,09,18,IMPULSO LABORAL PARA PERSONAS EGRESADAS DEL SISTEMA DE JUSTICIA PENAL DE LA CIUDAD DE MEXICO,3000000,2915000
9,09,19,COMPONENTE COMUNITARIO DE ALTO AL FUEGO,494000,494000
9,09,20,OJTLI COMUNICACION TERRESTRE PARA EL BIENESTAR,50000000,48234166.94
9,09,21,BIENESTAR PARA PUEBLOS Y COMUNIDADES INDIGENAS,600000,599643.88
9,09,22,COSECHA DE LLUVIA,200000000,199917186.21
9,09,23,ALTEPETL,1000000000,998153528.35
9,09,24,JOVENES UNEN AL BARRIO POR EL BIENESTAR,116908000,78971308.63
9,09,25,MEMORIAL NEWS DIVINE,1500000,1454999.98
9,09,26,NUCLEOS URBANOS DE BIENESTAR,4608000,4430450
9,09,27,OTORGAMIENTO DE AYUDAS DE BENEFICIO SOCIAL A PERSONAS BENEFICIARIAS DEL PROGRAMA MEJORAMIENTO DE VIVIENDA DEL INSTITUTO DE VIVIENDA DE LA CIUDAD DE MEXICO EJERCICIO 2021,50000000,45627052.79
9,09,28,OTORGAMIENTO DE AYUDAS DE BENEFICIO SOCIAL A PERSONAS BENEFICIARIAS DEL PROGRAMA VIVIENDA EN CONJUNTO DEL INSTITUTO DE VIVIENDA DE LA CIUDAD DE MEXICO EJERCICIO 2021,644507158,356649373.71
9,09,29,OTORGAMIENTO DE AYUDAS DE BENEFICIO SOCIAL PARA PAGO DE RENTA Y ATENCION A PERSONAS EN SITUACION DE CALLE EJERCICIO 2021,71760000,56660985.46
9,09,30,ALIMENTOS ESCOLARES,216884054.4,216884054.4
9,09,31,COMEDORES POPULARES PARA EL BIENESTAR,24000000,24000000
9,09,32,DISCAPACIDAD Y BIENESTAR CAPREPOL,5022000,3853420.54
9,09,33,COINVERSION PARA EL BIENESTAR EN LA INFANCIA Y LA ADOLESCENCIA,6500000,6460000
9,09,34,PROGRAMA SALUD Y BIENESTAR COMUNITARIO CULTIVANDO Y COSECHANDO VIDAS DIFERENTES,2200000,2198775.59
9,09,35,BECA LEONA VICARIO DE LA CIUDAD DE MEXICO,250818588,221880868
9,09,36,PROGRAMA ESPECIAL DE APOYO A PERSONAS QUE PERDIERON ALGUN FAMILIAR EN EL SISMO DEL 19 DE SEPTIEMBRE DE 2017,7700000,6891000
9,09,37,BECA DE ASISTENCIA ATENCION E INCLUSION PARA NIÑAS NIÑOS ADOLESCENTES Y JOVENES FAMILIARES DE LAS PERSONAS SENSIBLEMENTE AFECTADAS EN LA LINEA 12 DEL SISTEMA DE TRANSPORTE COLECTIVO STC METRO,6396737.06,6056897.51
9,09,38,BIENESTAR PARA DEPORTISTAS DESTACADOS,3500000,2250000
9,09,39,BIENESTAR PARA ASOCIACIONES DEPORTIVAS,3500000,3500000
9,09,40,PONTE PILA DEPORTE COMUNITARIO PARA EL BIENESTAR 2021,180000000,112564672
9,09,41,PROGRAMA DE BECAS DEL INSTITUTO DE EDUCACION MEDIA SUPERIOR DE LA CIUDAD DE MEXICO,15000000,5968652.4
9,09,42,PROGRAMA PARA EL BIENESTAR EN UNIDADES HABITACIONALES,240000000,238545000
9,09,43,LA ESCUELA ES NUESTRA MEJOR ESCUELA,235000000,235000000
9,09,44,SERVIDORES DE LA CIUDAD EDUCACION,16545456,16545455.91
9,09,45,PROGRAMA SEGURO CONTRA ACCIDENTES PERSONALES DE ESCOLARES VA SEGUR,127574220,74418295
9,09,46,BIENESTAR PARA NIÑAS Y NIÑOS MI BECA PARA EMPEZAR,4641035625,4641035625
9,09,47,UNIFORMES Y UTILES ESCOLARES,1066410000,1066410000
10,10,1,AUTOEMPLEO PARA JEFAS DE FAMILIA,4000000,4000000
10,10,2,TRANSPORTACION TERRESTRE POR RAZONES MEDICAS O HUMANITARIAS,5000000,5000000
10,10,3,MICROCREDITO A LA PALABRA,6000000,6000000
10,10,4,FOMENTO A LAS ACTIVIDADES DE LAS ORGANIZACIONES DE LA SOCIEDAD CIVIL,15245000,15245000
11,11,1,EVENTOS DE PREVENCION SOCIAL DEL DELITO,7000000,11143932.62
11,11,2,SEGURIDAD VECINAL,3676110,4560000
11,11,3,UNIDAD EMPRESARIAL,1012000,988000
11,11,4,APOYOS MAYORES GTO,80000000,130518117.1
11,11,5,TODOS ADELANTE GTO,20000000,21833300
11,11,6,ASISTENCIA ALIMENTARIA GTO,500549683,509824451.47
11,11,7,YO PUEDO GTO PUEDE,2000000,10744381.85
11,11,8,REFUGIO PARA MUJERES SUS HIJAS E HIJOS EN SITUACION DE VIOLENCIA,2500000,2324000
11,11,9,ACCIONES PARA REDUCIR LAS MANIFESTACIONES DE VIOLENCIA EN CONTRA DE NIÑAS ADOLESCENTES Y MUJERES,14000000,12576000
11,11,10,ACCESO DE LAS MUJERES A OPORTUNIDADES DE DESARROLLO EN CONDICIONES DE IGUALDAD,11000000,9100000
11,11,11,MI HOSPITAL CERCANO,8500000,18140680.09
11,11,12,CUIDANDO MI TRASPLANTE,7700000,7700000
11,11,13,CALIDAD DE VIDA PARA NUESTRAS HEROINAS,2500000,2703232
11,11,14,ARTICULACION E INTERVENCION PARA EL FORTALECIMIENTO DE LAS ZONAS IMPULSO SOCIAL,10000000,11252241.5
11,11,15,CENTRO IMPULSO SOCIAL LUGAR DE ENCUENTRO PARA MI BIENESTAR Y DESARROLLO HUMANO,50000000,118031575.53
11,11,16,SUMAMOS AL DESARROLLO DE LA SOCIEDAD,30000000,33225284.45
11,11,17,VIVE MEJOR CON IMPULSO,144300000,104392785.7
11,11,18,MI COLONIA A COLOR,2000000,20745336.32
11,11,19,TRABAJEMOS JUNTOS,35000000,57002060.43
11,11,20,PODEMOS,1200000,19817997.55
11,11,21,MODULOS DE ATENCION MI IMPULSO,2000000,68342500.18
11,11,22,VALE GRANDEZA COMPRA LOCAL,40000000,37161089.17
11,11,23,SERVICIOS BASICOS EN MI COMUNIDAD,65800000,69468674.68
11,11,24,SERVICIOS BASICOS GTO,119888434,150822602.35
11,11,25,SERVICIOS BASICOS ZONAS INDIGENAS,6000000,4538396.75
11,11,26,VIVO LOS ESPACIOS DE MI COLONIA,34000000,35344045
11,11,27,APOYO SIN FRONTERAS,4000000,3758520.82
11,11,28,DXT GTO,2000000,2000000
11,11,29,DEPORTISTAS DE GRANDEZA,1000000,957495.53
11,11,30,GTO ACTIVO,2000000,2000000
11,11,31,VIENTOS MUSICALES,10000000,10001185
11,11,32,PROGRAMA ANUAL DE OBRA DE INFRAESTRUCTURA EDUCATIVA FONDO DE APORTACIONES MULTIPLES,410157076,414158665.27
11,11,33,BECAS Y APOYOS PARA LA POBLACION VULNERABLE,50000000,50000000
11,11,34,SI ME QUEDO,9000000,6800146.05
11,11,35,CAPTEMOS AGUA,15000000,16149678.23
11,11,36,MI CUENCA SUSTENTABLE,10000000,8792394.43
11,11,37,MI GANADO PRODUCTIVO,43000000,41078690.06
11,11,38,PROFESIONALIZACION AGROPECUARIA,5000000,4912688.33
11,11,39,MI PATIO PRODUCTIVO GTO,14000000,14300678.54
11,11,40,MI TIENDA AL 100,10000000,10893104.29
11,11,41,MI CHAMBA,60000000,77805684.52
11,11,42,IMPULSO PRODUCTIVO SOCIAL E INFRAESTRUCTURA,70000000,47169827.78
11,11,43,ABASTECIMIETO DE AGUA A ZONAS RURALES,32369641.2,21719576.37
11,11,44,CON AGUA PARA ZONAS URBANAS,11672011.5,58611097.38
11,11,45,CONDUCCION DE AGUAS RESIDUALES EN ZONAS URBANAS,20088115,33572629.09
11,11,46,CONDUCCION Y SANEAMIENTO DE AGUAS RESIDUALES EN EL MEDIO RURAL,13372623,4575611.5
11,11,47,CONDUCCION Y SANEAMIENTO DE AGUAS RESIDUALES EN LOCALIDADES SUBURBANAS,4219420.8,1719641.6
11,11,48,INFRAESTRUCTURA Y FORTALECIMIENTO DE SISTEMAS DE AGUA EN LOCALIDADES SUBURBANAS,5651223,34835101.48
11,11,49,GTO POR LA DEFENSA AMBIENTAL,1809233.88,1809233.88
11,11,50,CALENTADORES SOLARES,18647369,42055136.51
12,12,1,FONDO DE APOYO A PERIODISTAS,5500000,4488447.31
12,12,2,UN CUARTO MAS,90782385,90782385
12,12,3,DEPOSITOS DE AGUA,6765132.5,6765132.5
12,12,4,ELECTRIFICACION,15000000,15000000
12,12,5,PROGRAMA BECAS,15000000,1287600
12,12,6,GUERRERO NOS NECESITA Y APOYA A DISCAPACITADOS,37000000,20901000
12,12,7,PROGRAMA DE ASISTENCIA SOCIAL ALIMENTARIA EN LOS PRIMEROS 1000 DIAS DE VIDA,69250513.9,69250513.9
12,12,8,PROGRAMA DE ASISTENCIA SOCIAL ALIMENTARIA A PERSONAS DE ATENCION PRIORITARIA,131155331.4,131155331.4
12,12,9,PROGRAMA DE ASISTENCIA SOCIAL ALIMENTARIA A PERSONAS EN SITUACION DE EMERGENCIA O DESASTRE,344891344.7,344891344.7
12,12,10,INSTALACION DE TIENDAS DE ABARROTES PARA LA POBLACION VULNERABLE,2740000,2740000
12,12,11,PAQUETES DE INSUMOS Y ENSERES AGRICOLAS PARA LA PRODUCCION PRIMARIA,2772000,2772000
12,12,12,MEJORAMIENTO DE LA VIVIENDA ADQUISICION DE LAMINA GALVANIZADA,7915920,7915920
12,12,13,ENTREGA DE CEMENTO A LA POBLACION VULNERABLE,2420200,2420200
12,12,14,PROGRAMA DE SALUD Y BIENESTAR COMUNITARIO,2400000,2400000
12,12,15,ADQUISICION Y DONACION DE SILLAS DE RUEDAS,3000000,3000000
12,12,16,ADQUISICION Y DONACION DE APARATOS FUNCIONALES,2500000,2500000
12,12,17,ADQUISICION DE APARATOS AUDITIVOS E INSUMOS PARA MOLDES AUDITIVOS,2500000,2500000
12,12,18,INSTALACION DE TIENDAS DE ABARROTES PARA PERSONAS CON DISCAPACIDAD,2740000,2740000
12,12,19,PROGRAMAS DE APOYOS EN ESPECIE PARA PERSONAS VULNERABLES,1000000,1000000
12,12,20,REGULARIZACION DE LA TENENCIA DE LA TIERRA,31224845,31224845
12,12,21,CAPACITACION PARA Y EN EL TRABAJO,57200132,55583551.44
12,12,22,ATENCION A PACIENTES CON CANCER,93199886.91,93199886.91
12,12,23,DEFENSA Y ASESORIA JURIDICA A PUEBLOS INDIGENAS AFROMEXICANOS,3000000,3000000
12,12,24,SERVICIOS EMERGENTES PARA POBLACION INDIGENA Y AFROMEXICANA,3000000,3000000
12,12,25,FORTALECIMIENTO DE LAS CULTURAS E IDENTIDADES INDIGENAS,4800000,4800000
12,12,26,FORO DE FOMENTO AL EMPLEO Y EMPRENDIMIENTO JUVENIL,1000000,1000000
12,12,27,EQUIPAMIENTO A CASAS DE ESTUDIANTE,1000000,1000000
12,12,28,EDUCACION PARA ADULTOS,149385514.3,149385514.3
12,12,29,PENSION GUERRERO,25000000,15000000
12,12,30,PROGRAMA DE APOYOS PARA LA REACTIVACION ECONOMICA COVID 19,2096847.03,2096847.03
12,12,31,PROGRAMA DE APOYO AL EMPLEO,9637732,13058706.67
12,12,32,TEMPORADA INVERNAL,NA,NA
12,12,33,PROGRAMA DE DIFUSION Y ALERTAMIENTO,NA,NA
12,12,34,APOYO A PESCADORES Y ACUACULTORES,4000000,735900
12,12,35,APOYO TECNICO A LA INVERSION PROGRAMATICA,8500000,8500000
12,12,36,APOYO A LA PRODUCCION AGROPECUARIA,15000000,2090000
12,12,37,CONTROL DE LA MOVILIZACION ANIMAL,9180000,6013581.03
12,12,38,EXTENSIONISMO DESARROLLO DE CAPACIDADES Y ASOCIATIVIDAD PRODUCTIVA,5000000,871495.13
12,12,39,IMPULSO A LA GANADERIA,5000000,782000
12,12,40,INFORMACION ESTADISTICA Y ESTUDIOS SNIDRUS,1320000,592000
12,12,41,REHABILITACION MODERNIZACION TECNIFICACION Y EQUIPAMIENTO DE DISTRITOS DE RIEGO,13780651,6293151
12,12,42,REHABILITACION MODERNIZACION TECNIFICACION Y EQUIPAMIENTO DE UNIDADES DE RIEGO,11506991.24,6794491.24
12,12,43,SANIDAD E INOCUIDAD AGROALIMENTARIA,3500000,900000
13,13,1,PROGRAMA DE ATENCION A LAS PERSONAS ADULTAS MAYORES,7353410,5573166.02
13,13,2,PROGRAMA DE ATENCION AL MIGRANTE,351000,351000
13,13,3,PROGRAMA DE ATENCION A LA JUVENTUD,1920089,1677276.82
13,13,4,PROGRAMA DE FOMENTO ARTESANAL,314000,314000
13,13,5,PROGRAMA PARA LA AMPLIACION DE VIVIENDA DE LA MODALIDAD DE SUBSIDIO PARA CONSTRUCCION DE CUARTO DORMITORIO EN TERRENO DEL BENEFICIARIO,20000000,5573841
13,13,6,ASITENCIA CON APOYOS AGROPECUARIOS A LA POBLACION INDIGENA,380620,380620
13,13,7,SERVICIOS DE ASISTENCIA SOCIAL A LA POBLACION INDIGENA,29700,29700
13,13,8,ASIGNACION DE INTERPRETES DE LEGUNAS INDIGENAS,154000,154000
13,13,9,ASIGNACION DE TRADUCTORES DE LENGUAS INDIGENAS,56000,56000
13,13,10,OBRAS DE INFRAESTRUCTURA BASICA INDIGENA,6507163.57,6306102
13,13,11,MEJORA DE CALIDAD Y ESPACIOS DE LA VIVIENDA,NA,NA
13,13,12,PROYECTO PRODUCTIVOS,NA,NA
13,13,13,CONSTANCIAS MUNICIPIO INDIGENA,NA,NA
13,13,14,CERTIFICACION YO ACTUALIZACION DE HABLANTES DE LENGUA INDIGENA,122000,122000
13,13,15,DOCUMENTOS DE IDENTIDAD JURIDICA,NA,NA
13,13,16,MEJORA DE SERVICIOS BASICOS EN LA VIVIENDA,NA,NA
13,13,17,VER BIEN PARA APRENDER MEJOR,1109000,872000
13,13,18,PROGRAMAS DE UTILES ESCOLARES,152374079.5,152374079.5
13,13,19,LIBROS DE TEXTO SECUNDARIA,5356568.41,5356568.41
13,13,20,PROGRAMA DE BECAS MIGUE HIDALGO DE EDUCACION SUPERIOR,130000000,129546300
13,13,21,PROGRAMA DE APOYOS DIDACTICOS COMPLEMENTARIOS (UTILES ESCOLARES) PARA SER OTORGADOS A ESTUDIANTES DE EDUCACION SUPERIOR INSCRITOS EN DE LAS INSTITUCIONES PUBLICAS DE EDUCACION SUPERIOR SECTORIZADAS A LA SEP HIDALGO,24426095.28,23729731.82
13,13,22,ALBERGUE DEL HOSPITAL DEL NIÑO DIF,1233843.8,1192856.85
13,13,23,ALBERGUE REVOLUCION,1075626.8,1058027.2
13,13,24,ATENCION A PERSONAS EN CONDICIONES DE EMERGENCIA,8035.05,6292.32
13,13,25,ATENCION PSICOLOGICA,52682.7,1959.7
13,13,26,CALIDAD DE VIDA EN PERSONAS ADULTAS MAYORES,29864.15,23566.97
13,13,27,CASA CUNA,4612696.09,3922729.32
13,13,28,CASA DE DESCANSO,975885.58,890196.89
13,13,29,CASA DE LA MUJER HIDALGUENSE,1365061.54,1165971.58
13,13,30,CASA DE LA NIÑA,5261179.79,5004168.94
13,13,31,CASA DE LA TERCERA EDAD,5655599.38,5226914.31
13,13,32,CASA DE LAS Y LOS ADOLESCENTES,553411.2,324501.53
13,13,33,CASA DEL NIÑO,5622869.47,5204119.48
13,13,34,CENTROS DE ATENCION INFANTIL (CAI),990201.61,623610.71
13,13,35,CENTRO DE DESARROLLO COMUNITARIO URBANO,111859,43677.31
13,13,36,DESARROLLO DE HABILIDADES EN NIÑAS NIÑOS Y ADOLESCENTES,1887428.42,1699508.56
13,13,37,ESTRATEGIA ESTATAL DE ORIENTACION ALIMENTARIA,578599.36,523678.81
13,13,38,JORNADAS MEDICAS DE SUBESPECIALIDAD,90338,10667.88
14,14,1,SUBSIDIOS PARA LA IMPLEMENTACION DE ACTIVIDADES DIRIGIDAS A LA CONSERVACION Y A LA RESTAURACION DEL AREA DE PROTECCION DE FLORA Y FAUNA LA PRIMAVERA A TRAVES DE LA PARTICIPACION COMUNITARIA,1804550,1674430
14,14,2,PROGRAMA SOCIAL DE BECAS BENITO JUAREZ,NSS,NSS
14,14,3,PLANIFICACION FAMILIAR,NSS,NSS
14,14,4,SALUD MATER,NSS,NSS
14,14,5,SALUD PERINATAL,NSS,NSS
14,14,6,VIOLENCIA DE GENERO,NSS,NSS
14,14,7,IGUALDAD DE GENERO,NSS,NSS
14,14,8,CANCER DE LA MUJER,NSS,NSS
14,14,9,SALUD SEXUAL DE ADOLESCENTES,NSS,NSS
14,14,10,ZOONOSIS,NSS,NSS
14,14,11,INTOXICACION POR ANTROPODOS,NSS,NSS
14,14,12,CHAGAS,NSS,NSS
14,14,13,PALUDISMO,NSS,NSS
14,14,14,ADULTO MAYOR,NSS,NSS
14,14,15,CARDIOMETABOLICAS,NSS,NSS
14,14,16,SALUD BUCAL,NSS,NSS
14,14,17,MICROBACTERIOSIS,NSS,NSS
14,14,18,ENFERMEDADES RESPIRATORIAS,NSS,NSS
14,14,19,VACUNACION,NSS,NSS
14,14,20,CANCER INFANCIA Y ADOLESCENCIA,NSS,NSS
14,14,21,SALUD INFANCIA Y ADOLESCENCIA,NSS,NSS
14,14,22,MONITOREO,NSS,NSS
14,14,23,ENFERMEDADES DIARREICAS,NSS,NSS
14,14,24,EMERGENCIAS,NSS,NSS
14,14,25,URGENCIAS EPIDEMIOLOGICAS,NSS,NSS
14,14,26,VIH,NSS,NSS
14,14,27,REGULARIZACION DE PREDIOS URBANOS,21332937,21132648
14,14,28,PROGRAMA DE ENTREGA DE ESTIMULOS DEL FONDO ESTATAL PARA LA CULTURA Y LAS ARTES,1250000,1250000
14,14,29,FONDO TALLERES,5000000,5000000
14,14,30,PROYECTA INDUSTRIAS CULTURALES Y CREATIVAS,1000000,984935.02
14,14,31,PROYECTA PRODUCCION,3500000,3497451.42
14,14,32,ECOS MUSICA PARA LA PAZ,7026587,7026587
14,14,33,BECAS JALISCO,18230000,17238760
14,14,34,BECAS PARA HIJAS E HIJOS DE MILITARES,1400000,1393000
14,14,35,BECAS PARA HIJAS E HIJOS DE POLICIAS,2000000,1883000
14,14,36,ASOCIACIONES POR LA IGUALDAD,24422000,23967989.06
14,14,37,APOYO ECONOMICO PARA LAS HIJAS E HIJOS DE MUJERES VICTIMAS DE FEMINICIDIO,7100000,6880500
14,14,38,BARRIOS DE PAZ,24000000,23407613.76
14,14,39,EMPRESARIAS DE ALTO IMPACTO,70303477,63776588.19
14,14,40,ESTRATEGIA ALE,15303009,14805887.69
14,14,41,FUERZA MUJERES,140000000,134075916.52
14,14,42,PROGRAMA EMERGENTE RENOVACION DEL PARQUE VEHICULAR DEL AUTOTRANSPORTE PUBLICO CHATARRIZACION DE UNIDADES,83500000,83500000
14,14,43,PROGRAMA EMERGENTE DE TRASNPORTE PUBLICO EN LAS AREAS METROPOLITANAS DE GUADALAJARA Y LAS CIUDADES DE PUERTO VALLARTA ZAPOTLAN EL GRANDE Y TEPATITLAN DE MORELOS PARA GENERAR MECANISMOS SUSTENTABLES PARA LA RENOVACION DEL PARQUE VEHICULAR ETAPA 2 DEL PROGRAMA MI TRANSPORTE,100000000,100000000
14,14,44,RECORRIDOS GRATUITOS POR EL INTERIOR DEL ESTADO,1800000,1800000
14,14,45,TUTELA DE DERECHOS DE NIÑAS NIÑOS Y ADOLESCENTES,30520551.67,25875796.28
14,14,46,APOYOS Y SERVICIOS ASISTENCIALES A FAMILIAS EN SITUACION VULNERABLE,44180490.08,43776221.17
14,14,47,ASISTENCIA SOCIAL ALIMENTARIA A PERSONAS DE ATENCION PRIORITARIA,241991605.31,241991605.31
14,14,48,ASISTENCIA SOCIAL ALIMENTARIA EN LOS PRIMEROS 1000 DIAS DE VIDA,54461588.5,54461588.5
14,14,49,ATENCION A LA PRIMERA INFANCIA Y ESTRATEGIAS FORMATIVAS,71276010.05,57546746.6
14,14,50,ATENCION INTEGRAL A LAS PERSONAS CON DISCAPACIDAD O EN RIESGO DE TENERLA,75211446.47,70904456.6
14,14,51,ATENCION INTEGRAL DE LAS PERSONAS ADULTAS MAYORES,97144959.72,95212452.75
14,14,52,AYUDA HUMANITARIA,76142629.06,64809188.74
14,14,53,CONSEJO ESTATAL PARA LA PREVENCION Y ATENCION DE LA VIOLENCIA INTRAFAMILIAR CEPAVI,16801308.19,15927135.85
14,14,54,DESAYUNOS ESCOLARES,306283083.44,300696341.32
14,14,55,MUSEO TROMPO MAGICO,17725670.96,16105950.6
14,14,56,PREVENCION PARA NIÑAS NIÑOS Y ADOLESCENTES,12163106.08,11969121.04
14,14,57,ATENCION Y PROTECCION A NIÑAS NIÑOS Y ADOLESCENTES,20697087.96,18309597.94
14,14,58,REPRESENTACION DE NIÑAS NIÑOS Y ADOLESCENTES,19338206.83,19338206.83
14,14,59,DESARROLLO COMUNITARIO Y APOYO MUNICIPAL,55318202.1,45262460.03
14,14,60,JALISCO REVIVE TU HOGAR APOYO A LA VIVIENDA,53396647.34,53396647.34
14,14,61,JALISCO TE RECONOCE APOYO A PERSONAS MAYORES,118445635.7,88048759.4
14,14,62,JALISCO INCLUYENTE,25804400,21685070.3
14,14,63,MI PASAJE PARA ESTUDIANTES,119970203.96,32630271.78
14,14,64,MI PASAJE PARA PERSONAS ADULTAS MAYORES,100791487.7,47296865.2
14,14,65,RECREA EDUCANDO PARA LA VIDA APOYO DE MOCHILA UTILES UNIFORME Y CALZADO ESCOLAR,1016096175.03,1012310009.11
14,14,66,APOYO A LAS ORGANIZACIONES DE LA SOCIEDAD CIVIL,40000000,38904954.22
14,14,67,JALISCO POR LA NUTRICION,46500750.01,46260923.39
14,14,68,MI PASAJE PARA PERSONAS CON DISCAPACIDAD,9296608.28,6619799.39
14,14,69,MUJERES LIDERES DEL HOGAR,83344000,71982892.96
14,14,70,PROGRAMA DE DESARROLLO FORESTAL SUSTENTABLE DEL ESTADO DE JALISCO ROP 2021,6500000,6500000
15,15,1,PROGRAMA DE DESARROLLO SOCIAL FAMILIAS FUERTES CANASTA EDOMEX,1512033623.69,1497603152.54
15,15,2,PROGRAMA DE DESARROLLO SOCIAL FAMILIAS FUERTES APOYO A PERSONAS ADULTAS MAYORES,816768727.74,777912232.43
15,15,3,PROGRAMA DE DESARROLLO SOCIAL COMUNIDAD FUERTE EDOMEX,4694100,3427129.44
15,15,4,PROGRAMA DE DESARROLLO SOCIAL FAMILIAS FUERTES SALARIO ROSA,4838844196.8,4609899030.84
15,15,5,FAMILIAS FUERTES DESARROLLO INTEGRAL INDIGENA,15000000,15000000
15,15,6,FAMILIAS FUERTES NIÑEZ INDIGENA,64517745.26,64449221.49
16,16,1,CULTURA FORESTAL,NA,NA
16,16,2,PRODUCCION MANTENIMIENTO Y ENTREGA DE PLANTA FORESTAL,1000000,1000000
16,16,3,PLANTACIONES FORESTALES COMERCIALES,1000000,1000000
16,16,4,PROTECCION RESTAURACION Y CONSERVACION DE SUELOS FORESTALES,1013400,1013400
16,16,5,INCENDIOS FORESTALES,3500000,6423953
16,16,6,SANIDAD FORESTAL,NA,NA
16,16,7,APROVECHAMIENTO SUSTENTABLE DE LA VIDA SILVESTRE,NA,NA
16,16,8,ASISTENCIA SOCIAL ALIMENTARIA EN LOS PRIMEROS 1000 DIAS DE VIDA,114796074.6,114796074.6
16,16,9,ASISTENCIA ALIMENTARIA A SUJETOS VULNERABLES EN COMEDORES COMUNITARIOS,48304485.5,48304485.5
16,16,10,ASISTENCIA ALIMENTARIA A PERSONAS PRIORITARIAS NIÑOS DE 2 A 4 AÑOS 11 MESES,38587955,38587955
16,16,11,ASISTENCIA ALIMENTARIA PARA PERSONAS CON DISCAPACIDAD Y ADULTO MAYORES,117700948.8,117700948.8
16,16,12,ASISTENCIA ALIMENTARIA A PERSONAS EN SITUACION EMERGENCIA Y DESASTRES,3245584,3245584
16,16,13,DESAYUNOS ESCOLARES CALIENTES,137974959.91,137974959.91
16,16,14,DESAYUNOS ESCOLARES FRIOS,52439399.98,52439399.98
16,16,15,VIVIENDA DIGNA,9997063.56,9997063.56
16,16,16,ORIENTACION Y EDUCACION ALIMENTARIA,476677.69,476677.69
16,16,17,ATENCION A POBLACION EN ESTADO DE EMERGENCIA,2272094.11,2272094.11
16,16,18,MEDICINA TRADICIONAL,531027.9,531027.9
16,16,19,DOTACION DE AYUDAS FUNCIONALES,10941034.08,12094797.11
16,16,20,APOYOS DIRECTOS ASISTENCIALES A PERSONAS EN VULNERABILIDAD,15892781.48,11790839.48
16,16,21,ATENCION Y SEGUIMIENTO DE NIÑAS Y NIÑOS EN CENTROS DE ASISTENCIA SOCIAL,15055594.01,16085023.38
16,16,22,JORNADA OPTOMETRICA,1352317.97,1351896.48
16,16,23,FORTALECIMIENTO DE ESTANCIAS DE RECREACION Y ENCUENTRO PARA LOS ADULTOS MAYORES,145000,144400
16,16,24,BECAS PARA PERSONAS CON DISCAPACIDAD,6544308.63,5786000
16,16,25,BECAS PARA NIÑAS NIÑOS Y ADOLESCENTES EN RIESGO DE TRABAJO INFANTIL,524992,523200
16,16,26,RECURSO PROGRAMATICO ATENCION A PERSONAS CON DISCAPACIDAD,19490000.43,19654267.12
16,16,27,MANTENIMIENTO Y ACONDICIONAMIENTO DE CAS,5226136.11,4925275.07
16,16,28,EQUIPAMIENTO DE CENTRO PAMAR CENTRO DE DESARROLLO Y PARTICIPACION PARA NIÑAS NIÑOS Y ADOLESCENTES EN RIESGO,515995.24,397947.64
16,16,29,PROTECCION A LA INFANCIA Y LA ADOLESCENCIA EN SITUACION DE VULNERABILIDAD,1400000,1189753.05
16,16,30,CAPACITACION PARA LA INCLUSION DE PERSONAS CON DISCAPACIDAD,1500000,1000844.42
16,16,31,ESTANCIAS INFANTILES MICHOACANAS,NSS,12849178
16,16,32,CASA DIGNA,25383873,9830365.48
16,16,33,ENTREGA DE APOYOS EN ESPECIE EN CASO DE CONTINGENCIAS,15266937,79935.6
16,16,34,CAPACITACION Y ASISTENCIA TECNICA,20000,20000
16,16,35,FONDO PARA EL DESARROLLO ARTESANAL,225000,225000
16,16,36,BECAS DEL BALLET FOLKLORICO DEL ESTADO DE MICHOACAN,207472.84,207472.84
16,16,37,BECAS DEL CORO DEL ESTADO DE MICHOACAN,300000,300000
16,16,38,BECAS DEL CONSERVATORIO DE LAS ROSAS,1300000,1300000
16,16,39,PREMIO ESTATAL DE LAS ARTES ERENDIRA,900000,900000
16,16,40,PREMIO DE BELLAS ARTES DE NOVELA JOSE RUBEN ROMERO,100000,100000
16,16,41,REGULACION AMBIENTAL DE APROVECHAMIENTOS PETREOS,NA,NA
16,16,42,EVALUACION DEL IMPACTO Y RIESGO AMBIENTAL,NA,NA
16,16,43,CAPACITACION SOBRE EL ORDENAMIENTO ECOLOGICO TERRITORIAL SU ELABORACION USO E IMPLEMENTACION,NA,NA
16,16,44,FONDO AMBIENTAL DEL ESTADO DE MICHOACAN,741214.77,741214.77
16,16,45,VOLUNTARIADO AREA NATURAL PROTEGIDA CERRO PUNHUATO,205726,205726
16,16,46,CREACION DE AREAS DE CONSERVACION,NA,NA
16,16,47,PROGRAMA DE VERIFICACION VEHICULAR,426625,426625
16,16,48,REGULACION DE FUENTES FIJAS,NA,NA
16,16,49,CAPACITACIONES AMBIENTALES,NA,NA
16,16,50,ENTREGA DE LOTES,NA,NA
17,17,1,PROGRAMA ESTATAL SONRISAS DE BONDAD 2021,1700000,1699980
17,17,2,PROGRAMA DE APOYO ALIMENTARIO BASICO EMERGENTE EN EL ESTADO DE MORELOS 2021,3500000,3479015.82
17,17,3,PROGRAMA PROYECTOS DE DESARROLLO SOCIAL PARA LA COMPETITIVIDAD EN EL ESTADO 2021,4500000,3840000
17,17,4,PROGRAMA CRECE MORELOS (CERTIFICA REACTIVA ENTREGA CREA Y EMPLEA),3073000,812843
17,17,5,PROGRAMA DE APOYO PARA PROYECTOS PRODUCTIVOS ENFOCADOS A JOVENES DE 18 A 29 AÑOS 2021,300000,300000
18,18,1,MEDICO EN TU CASA,250000,233579.44
18,18,2,TIEMPO DE COHESION SOCIAL (PROYECTO CULTURA ARTE JOVEN Y PROYECTO CINEXCUSAS),120000,89250.99
18,18,3,CUARTO ADICIONAL 12M2,11262586,11259690
18,18,4,CUARTO DORMITORIO 12M2 CUARTO PARA BAÑO CUARTO PARA COCINA,8568105,8445180
18,18,5,TECHUMBRE TECHO FIRME,5113398,5111660
18,18,6,ESTUFAS ECOLOGICAS,50787,50700
18,18,7,PROGRAMA CASAS PACS (NAYAR Y HUAJICORI),3043478,2474803.28
18,18,8,ESPACIO DE MUJERES,556707,67811
18,18,9,AQUI NOS VEMOS,98054,1321
18,18,10,RECUERDOS DE LA ALEGRIA,27067,1321
18,18,11,VELATORIO,805436,72240
18,18,12,ALIMENTACION BASICA COMPLETA (ABC),696742,342815
18,18,13,SALUD FAMILIAR,2021992,1169447
18,18,14,ALIMENTA LA ESPERANZA,465317,227449
18,18,15,PROGRAMA DE ATENCION A MENORES Y ADOLESCENTES EN RIESGO,154554,5835
18,18,16,UNIDAD DE ATENCION CIUDADANA,1714736,995003
19,19,1,INCLUSION PARA MUJERES JEFAS DE FAMILIA,65425438,53896233
19,19,2,CENTROS DE DESARROLLO SOCIAL COMUNITARIO,52757854,46581041.53
19,19,3,VINCULACION CON ORGANIZACIONES DE LA SOCIEDAD CIVIL,159218663,171097024
19,19,4,ALIADOS CONTIGO,52487973,69812000
19,19,5,FISE INFRAESTRUCTURA SOCIAL,109003830,108215959.98
20,20,1,TALLERES DE FORMACION ARTISTICA,7087727.5,9611173.31
20,20,2,FORTALECIMIENTO A LA VIVIENDA,NA,NA
20,20,3,COCINA COMEDOR NUTRICIONAL COMUNITARIA CCNC,NA,NA
20,20,4,PROGRAMA DE ASISTENCIA ALIMENTARIA A PERSONAS DE ATENCION PRIORITARIA,NA,NA
20,20,5,DESAYUNOS ESCOLARES CALIENTES,NA,NA
20,20,6,APOYO A PERSONAS ADULTAS MAYORES,NA,NA
20,20,7,EVENTOS DE PREVENCION Y ATENCION A NIÑAS NIÑOS Y ADOLESCENTES PREVENCION DE ADICCIONES PROMOCION DEL BUEN TRATO Y PREVENCION EN EMBARAZO EN NIÑAS Y ADOLESCENTES,NA,NA
20,20,8,PREVENCION A NIÑAS NIÑOS Y ADOLESCENTES PREVENCION DE LA EXPLOTACION SEXUAL INFANTIL TRATA DE PERSONAS FOMENTO DE LOS DERECHOS DE NNA,NA,NA
20,20,9,APOYO PARA LA PROTECCION DE PERSONAS EN ESTADO DE NECESIDAD ESTANCIA INFANTIL Y APRENDER A SER,NA,NA
20,20,10,APOYO PARA LA PROTECCION DE PERSONAS EN ESTADO DE NECESIDAD CADI2,NA,NA
20,20,11,APOYO PARA LA PROTECCION DE PERSONAS EN ESTADO DE NECESIDAD CAIC URBANOS Y RURALES,NA,NA
20,20,12,CONSERVACION DE ECOSISTEMAS Y PREVENCION DEL DETERIORO AMBIENTAL,NA,NA
20,20,13,CAMBIO CLIMATICO,NA,NA
20,20,14,ORDENAMIENTO ECOLOGICO TERRITORIAL,NA,NA
20,20,15,GESTION INTEGRAL DE RESIDUOS SOLIDOS,NA,NA
20,20,16,COMERCIALIZACION TURISTICA,7450763.99,8953926.88
20,20,17,PROFESIONALIZACION TURISTICA,14328217.32,20264403.19
20,20,18,CURSOS DE CAPACITACION Y PROFESIONALIZACION PARA Y EN EL TRABAJO,84917933,93818607.86
20,20,19,EXPO FERIAS ARTESANALES,676600,664581.48
20,20,20,TIENDA ARIPO ARTESANIAS E INDUSTRIAS POPULARES DEL ESTADO DE OAXACA,255400,255309.84
20,20,21,SERVICIOS ESPECIALIZADOS A MIGRANTES,4200000,6138750.88
20,20,22,GUELAGUETZA FAMILIAR INTERCAMBIO CULTURAL OAXACA ESTADOS UNIDOS,15670219.62,16984635.54
20,20,23,TRADUCCION DE DOCUMENTOS A MIGRANTES,NA,NA
20,20,24,ASESORIAS Y CAPACITACIONES A EMPRENDEDORES,NA,NA
20,20,25,PROFESIONALIZACION DE TU EMPRENDIMIENTO 2021,148770,148770
20,20,26,RETO POSIBLE OAXACA 2021,NA,NA
20,20,27,CRECE 360 GRADOS,NA,NA
20,20,28,FERIAS DE INCLUSION SOCIAL,3311170.97,5185180.14
20,20,29,CREDITO A LA PALABRA DE LA MUJER,1271880.13,1271880.13
20,20,30,VAMOS JUNTOS A LA ESCUELA,497082029.48,497082029.48
20,20,31,APOYO AL SISTEMA ESTATAL DE CASAS DE LA CULTURA,NA,NA
20,20,32,APOYO AL SISTEMA ESTATAL DE CASAS DEL PUEBLO,NA,NA
20,20,33,CENTRO DE INICIACION MUSICAL DE OAXACA,4265519.16,5078716.78
20,20,34,BIBLIOTECAS PUBLICAS MUNICIPALES,7508078.54,11006094.51
20,20,35,PROGRAMA DE FOMENTO A LA LECTURA,130000,340000
20,20,36,UNIDADES MOVILES PARA LA ATENCION SOCIAL A GRUPOS VULNERABLES,13510427.45,13284989.89
20,20,37,CREDITO A LA PALABRA MUJERES QUE INSPIRAN 2021,5000000,5000000
20,20,38,PROGRAMA DE ESTIMULO AL MERITO ACADEMICO DE JOVENES INDIGENAS Y AFROAMERICANOS SEMILLAS DE TALENTO,3000000,3000000
20,20,39,PROGRAMA DE EMPODERAMIENTO ECONOMICO PARA MUJERES JEFAS DE FAMILIA EN HOGARES INDIGENAS Y AFROMEXICANOS MUJERES FAMILIA,4000000,4000000
20,20,40,PROGRAMA DE IMPULSO AL DESARROLLO ECONOMICO DE LA MUJER INDIGENA Y AFROMEXICANA MUJERES DE MAIZ,4000000,3999197.44
20,20,41,PROGRAMA DE APOYO PARA EL MEJORAMIENTO DE LA INFRAESTRUCTURA SOCIAL EN COMUNIDADES INDIGENAS Y AFROMEXICANAS FONDO SEMILLA,3000000,2996976
21,21,1,PROGRAMA COINVERSION SOCIAL,5169974,5060474
21,21,2,PROGRAMA INTEGRAL ALIMENTARIO,35034667,35034667
21,21,3,PROGRAMA CENTROS PREVENTIVOS DE BIENESTAR,278400000,208779120
21,21,4,PROGRAMA PRESUPUESTO PARTICIPATIVO PARA EL BIENESTAR EN EL ESTADO DE PUEBLA 2021,29999977.92,29873585.34
21,21,5,SERVICIO PARA EL SUMINISTRO E INSTALACION DE MATERIALES PARA REPARACION DE VIVIENDA EN EL MARCO DEL PROGRAMA PUEBLA TE CUIDA PUEBLA REPUDIA LA DELINCUENCIA,18000000,16381929.09
22,22,1,PROYECTOS PRODUCTIVOS,5000000,5000000
22,22,2,FORTALECIMIENTO DE LA PARTICIPACION SOCIAL ORGANIZADA,3000000,3000000
22,22,3,PROGRAMA INSTITUCIONAL EMERGENTE PARA LA ATENCION DE LAS PERSONAS AFECTADAS POR FENOMENOS NATURALES O SOCIALES EN EL ESTADO DE QUERETARO,27197460.5,27197460.5
22,22,4,PROGRAMA DE DESARROLLO SOCIAL PARA LA REACTIVACION ECONOMICA Y SOCIAL DE LAS PERSONAS EN SITUACION DE VULNERABILIDAD EN EL ESTADO DE QUERETARO EN SU COMPONENTE APOYO PARA PENSIONADOS Y JUBILADOS DEL SECTOR EDUCATIVO,2465000,2465000
22,22,5,POR TU ALIMENTACION,36662880,36662880
22,22,6,APOYO A NEGOCIOS FAMILIARES,30000000,30000000
22,22,7,PROGRAMA ESTATAL PARA ESCRITURAR INMUEBLES DE CARACTER SOCIAL Y REGULARIZAR ASENTAMIENTOS HUMANOS IRREGULARES,6072600,6072600
22,22,8,PROGRAMA DE DESARROLLO SOCIAL TRANSPORTE ESCOLAR Y APOYO A PROGRAMAS SOCIALES,51543470.77,51543470.77
22,22,9,POR TU VIVIENDA,96581110.22,95364780.59
23,23,1,PISO FIRME,24645108.35,24645108.35
23,23,2,ESTUFAS ECOLOGICAS,1831084,1831084
23,23,3,OLLAS RECOLECTORAS DE AGUA DE LLUVIA PARA USO DOMESTICO,4875191.49,4875191.49
23,23,4,BANCA SOCIAL,2509200,909200
23,23,5,FONDO DE FOMENTO A LA CONVERSION CON LAS ORGANIZACIONES DE LA SOCIEDAD CIVIL 2021,3000000,2995989.35
23,23,6,HAMBRE CERO QUINTANA ROO,83196127,71529212.7
23,23,7,AYUDAS SOCIALES,163330,76858
23,23,8,PROGRAMAS DEL FONDO NACIONAL DE FOMENTO A LAS ARTESANIAS,408000,408000
23,23,9,PROGRAMAS DE ACCIONES CULTURALES MULTILINGUES Y COMUNITARIAS,78928.3,78928.3
23,23,10,PROGRAMA PARA EL DESARROLLO ARTESANAL,395000,360000
23,23,11,PROGRAMA DE APOYO A DIGNATARIOS MAYAS,571000,571000
23,23,12,APOYO A DIGNATARIOS MAYAS IMPLEMENTADO,8199977.2,8199977.2
23,23,13,FORTALECIMIENTO DE LAS CAPACIDADES PRODUCTIVAS,1468600,1468600
23,23,14,CAPACITACION PARA EL TRABAJO Y EL AUTOEMPLEO,1017800,1017800
23,23,15,CAPACITACION PARA EL EMPODERAMIENTO POLITICO Y ECONOMICO DE LAS MUJERES,273000,273000
23,23,16,FERIA MANOS EMPRENDEDORAS,1391800,1391800
23,23,17,PROGRAMA DE FORTALECIMIENTO A LA TRANSVERSALIDAD DE LA PERSPECTIVA DE GENERO,7623058.01,7608352.31
23,23,18,FONDO PARA EL BIENESTAR Y AVANCE DE LAS MUJERES,2760000,2709631.43
23,23,19,PROGRAMA DE APOYO A LAS INSTANCIAS DE MUJERES EN LAS ENTIDADES FEDERATIVAS,8632102,8609930.8
23,23,20,PROGRAMA DE APOYO PARA REFUGIOS ESPECIALIZADOS PARA MUJERES VICTIMAS DE VIOLENCIA DE GENERO SUS HIJAS E HIJOS,2919787.32,2910622.1
23,23,21,FOMENTO A LA PESCA Y LA ACUACULTURA 2021,934312.5,934312.5
23,23,22,PROGRAMA DE APOYO AL EMPLEO EN TEMPORADA DE VEDA PARA PESCADORES,934321.5,934321.5
23,23,23,PROGRAMA PESO POR PESO,515000,515000
23,23,24,SUMINISTRO EQUIPAMIENTO E INSTALACION DE PLANTA DE ALIMENTOS DE LA UNION GANADERA REGIONAL,2000000,2000000
23,23,25,ENTREGA DE SEMILLA DE PASTO,654033,654033
23,23,26,PROGRAMA ESTATAL DE TRACTORES LIGEROS E IMPLEMENTADOS PARA PEQUEÑOS PRODUCTORES,18480000,18480000
23,23,27,APOYO A ORGANIZACIONES DEL CAMPO Y NUCLEOS AGRARIOS,4500000,4500000
23,23,28,PROGRAMA DE APOYO A LA PRODUCCION Y AUTOCONSUMO COSECHANDO JUNTOS 2021,6750000,6750000
23,23,29,PROGRAMA DE APOYO DIRECTO A PRODUCTORES DE CAÑA DE AZUCAR,16000000,16000000
23,23,30,SERVICIOS DE SALUD CON CALIDAD,3970000,3298238.35
23,23,31,PROGRAMA DE DESAYUNOS ESCOLARES FRIOS,59239931.36,59239931.36
23,23,32,PROGRAMA DE DESAYUNOS ESCOLARES CALIENTES,54008970.82,54008970.82
23,23,33,PROGRAMA DE ASISTENCIA SOCIAL ALIMENTARIA A PERSONAS DE ATENCION PRIORITARIA,29819796.24,29819796.24
23,23,34,MEDICO EN TU CASA,5889000,5889000
23,23,35,REZAGO EDUCATIVO,59578234.58,59578234.58
23,23,36,PROGRAMA DE APOYO A LA CULTURA,497080,497080
24,24,1,GRUPO VULNERABLES,27652779,27652779
24,24,2,ASISTENCIA SOCIAL A PERSONAS ADULTAS MAYORES EN ESTADO DE VULNERABILIDAD,46926424,46926424
24,24,3,TRANSFORMARTE,NA,NA
24,24,4,SEMBRANDO UNA VIDA SALUDABLE,19980,19980
24,24,5,ATENCION REHABILITACION Y CAPACITACION PARA NIÑAS NIÑOS Y ADOLESCENTES CON DISCAPACIDAD VISUAL,4730378,4489243
24,24,6,PROGRAMA EMERGENTE PARA CENTROS DE ATENCION INFANTIL,20000000,19971255.94
24,24,7,SALUD Y BIENESTAR COMUNITARIO,NA,NA
24,24,8,INTEGRACION SOCIAL DE PERSONAS CON DISCAPACIDAD,434957.5,417459.92
24,24,9,REHABILITACION Y EDUCACION ESPECIAL,1215584,1139275.76
24,24,10,ASISTENCIA SOCIAL ALIMENTARIA A PERSONAS EN SITUACION DE EMERGENCIA O DESASTRE,11045078.38,11045078.38
24,24,11,DEFENSA DE LAS PERSONAS ADULTAS MAYORES GESTION Y PARTICIPACION SOCIAL,4347930.28,4046223.04
24,24,12,ALIMENTACION SEGURA PARA TODOS,51001665,51001665
24,24,13,ASISTENCIA SOCIAL ALIMENTARIA A PERSONAS DE ATENCION PRIORITARIA,73573001.25,73573001.25
24,24,14,ASISTENCIA SOCIAL ALIMENTARIA EN LOS PRIMEROS 1000 DIAS DE VIDA,10687904.64,10687904.64
24,24,15,DESAYUNOS ESCOLARES,141550893.22,141550892.68
24,24,16,AUTORIZACION ADOLESCENTE EN EDAD PERMITIDA PARA TRABAJAR,NA,NA
24,24,17,BUSCADORES DE EMPLEO,NA,NA
24,24,18,FERIAS DE EMPLEO,NA,NA
24,24,19,VINCULACION LABORAL,NA,NA
24,24,20,FOMENTO AL AUTOEMPLEO,2102987.59,2102987.59
24,24,21,PROGRAMA EMERGENTE PARA ENFRENTAR EL ESTIAJE EN LA REGION HUASTECA 2021,3000000,1872765.75
24,24,22,PROGRAMA EMERGENTE PARA ENFRENTAR EL ESTIAJE EN LA REGION ALTIPLANO Y MEDIA 2021,3000000,2204081.71
24,24,23,APOYO AL PAQUETE TECNOLOGICO PARA ABASTECIMIENTO DE MAIZ CAFIME 2021,1989795.92,1989795.92
24,24,24,APOYO AL PAQUETE TECNOLOGICO PARA ABASTECIMIENTO DE FRIJOL PINTO 2021,7321428.57,7321428.57
24,24,25,EQUIPAMIENTO E INFRAESTRUCTURA AGROPECUARIA 2021,7394200,5898975
24,24,26,CONSTRUCCION Y O REHABILITACION DE BORDOS CON FINES DE ABREVADERO,1576800,1576800
25,25,1,FONDO DE INFRAESTRUCTURA SOCIAL PARA LAS ENTIDADES,133069103.43,131778076.55
26,26,1,ACTOS CULTURALES CON PERTINENCIA INDIGENA,322222.08,322222.08
26,26,2,SUBSIDIO AL SERVICIO PUBLICO DE TRANSPORTE DE PASAJEROS MODALIDAD URBANO,694000000,784903129
26,26,3,CREDITO EDUCATIVO Y BECA Y ESTIMULO EDUCATIVO,288969526.2,287019693.6
26,26,4,PROGRAMA INTEGRAL DE CAPACITACION,NA,NA
26,26,5,PROGRAMA ESTATAL DE PREVENCION SOCIAL DE LA VIOLENCIA Y LA DELINCUENCIA,40935633.81,40254895.3
26,26,6,LAS JEFAS AUTOGESTORAS DE LA TRANSFORMACION SOCIAL,2000000,1910313
26,26,7,CUIDAR A QUIENES CUIDAN,2000000,1958000
26,26,8,MANO CON MANO APOYO POBREZA EXTREMA,3000000,2916000
26,26,9,CAPACITACION Y CULTURA TURISTICA,NA,NA
26,26,10,VIVIENDA,18842231.81,14107106.98
26,26,11,AMPLIACION,9000000,1396626.27
26,26,12,MEJORAMIENTO,42058554.74,33800021.44
26,26,13,VER BIEN PARA APRENDER MEJOR,1600000,1599950
26,26,14,EDUCACION CECYTES,NSS,NSS
26,26,15,DESAYUNOS ESCOLARES,206339396.19,206339396.19
26,26,16,ASISTENCIA SOCIAL ALIMENTARIA A PERSONAS DE ATENCION PRIORITARIA,13495776.84,13495776.84
26,26,17,PROGRAMA DE SALUD Y BIENESTAR COMUNITARIO,2442342.53,2442342.53
26,26,18,UNIDADES PRODUCTIVAS PARA EL DESARROLLO,10594253.61,10594253.61
26,26,19,ESPACIOS DE ALIMENTACION ENCUENTRO Y DESARROLLO,15995.65,15995.65
26,26,20,PROYECTOS PRODUCTIVOS PARA PERSONAS CON DISCAPACIDAD,NSS,NSS
26,26,21,PROGRAMA DE ASISTENCIA SOCIAL A PERSONAS EN SITUACION DE VULNERABILIDAD,30345362.41,30345362.41
26,26,22,PROGRAMA DE ATENCION A NIÑAS NIÑOS Y ADOLESCENTES EN MOVILIDAD NO ACOMPAÑADOS,12674399.09,12674399.09
26,26,23,PROGRAMA DE PROTECCION DE NIÑAS NIÑOS Y ADOLESCENTES,109827175.17,109827175.17
26,26,24,PROGRAMA DE APOYO AL SECTOR SOCIAL PESO POR PESO,21000000,21000000
26,26,25,PROGRAMA DE ATENCION A PERSONAS CON DICAPACIDAD,64582843.46,64582843.46
26,26,26,PROGRAMA DE PROTECCION DE DERECHOS DE LAS PERSONAS ADULTAS MAYORES,17623318.75,17033079.36
26,26,27,EDUCACION INICIAL NO ESCOLARIZADA MODELO CONAFE,1700000,1139667.33
26,26,28,BECA DEPORTIVA Y CULTURAL,NA,NA
26,26,29,BECA ALIMENTARIA,NA,NA
26,26,30,SONORA PATRIMONIO SEGURO,992908.5,1199189.34
27,27,1,FONDO DE APOYO A LA CAPITALIZACION A PRODUCTORES AGROPECUARIOS,3806804.71,3806804.71
27,27,2,APOYO A PRODUCTORES PARA EL DESARROLLO RURAL EN EL ESTADO,1000000,1000000
27,27,3,PROGRAMA DE APOYO AL DESARROLLO AGROINDUSTRIAL Y COMERCIALIZACION,1000000,921900
27,27,4,APOYO A PRODUCTORES AGROPECUARIOS FORESTALES PESQUEROS ACUICOLAS Y AGROINDUSTRIALES PARA LA DIFUSION DE SU OFERTA DE PRODUCTOS,700000,700000
27,27,5,PROGRAMA DE APOYO AL SECTOR PESQUERO 2021,7000000,7000000
27,27,6,PROGRAMA DE REPOBLACION DE BANCOS NATURALES DE OSTION 2021,4000000,4000000
27,27,7,APOYO AL SECTOR PESQUERO ORGANIZADO DEL ESTADO,34442148,34041902.28
27,27,8,PROGRAMA ESTRATEGICO PARA EL FORTALECIMIENTO DE COMPETENCIAS A PROFESIONISTAS DEL SECTOR ENERGETICO EN TABASCO,1190193,1190193
27,27,9,PROGRAMA DE VIVIENDA SOCIAL 2020,66848466.32,64112169.29
27,27,10,BECA DE ESTUDIO VIRTUAL 2021 DEL INSTITUTO TECNOLOGICO SUPERIOR DE LOS RIOS,26000,26000
27,27,11,BECA DE ALIMENTO INSTITUTO TECNOLOGICO SUPERIOR DE LOS RIOS,4250,4250
27,27,12,SEGURO DE ORFANDAD INSTITUTO TECNOLOGICO SUPERIOR DE LOS RIOS,160000,160000
27,27,13,PROGRAMA DE ASISTENCIA DE CUIDADO INFANTIL,3538835,3538835
27,27,14,PROGRAMA DE ATENCION A RIESGOS PSICOSOCIALES EN ADOLESCENTES,259997,259997
27,27,15,PROGRAMA ATENCION A PERSONAS CON DISCAPACIDAD SUBPROGRAMA OTROS APOYOS DE ASISTENCIA SOCIAL DONACION DE IMPLANTES COCLEARES,508001,508001
27,27,16,PROGRAMA PARA EXPEDICION DE CREDENCIAL NACIONAL PARA PERSONAS CON DISCAPACIDAD,NA,NA
27,27,17,PROGRAMA PARA EXPEDICION DE CONSTANCIAS PARA TRAMITE DE PLACAS VEHICULARES A PERSONAS CON DISCAPACIDAD,NA,NA
27,27,18,SALUD Y BIENESTAR COMUNITARIO,3330400,3330400
27,27,19,BIENESTAR ALIMENTARIO Y NUTRICIONAL,5000000,5000000
27,27,20,ATENCION ESPECIALIZADA EN REHABILITACION,1422038,1422038
27,27,21,AYUDA SOCIAL EXTRAORDINARIA (ENTREGA DE MOLINOS),2098532,2098532
27,27,22,ASISTENCIA A ADULTOS MAYORES,7264567,7264567
27,27,23,PROGRAMA DE ASISTENCIA ALIMENTARIA A PERSONAS DE ATENCION PRIORITARIA CENTROS ASISTENCIALES DEL SISTEMA DIF,4867166,4867166
27,27,24,OTROS APOYOS DE ASISTENCIA SOCIAL (MATERIAL DE HIGIENE Y ROPERIA),1929843,1929843
27,27,25,PREVENCION SOCIAL DE DELITO Y PARTICIPACION CIUDADANA,3535247.26,3535247.26
27,27,26,PROGRAMA DE APOYO AL TRANSPORTE ADULTOS MAYORES Y PERSONAS CON DISCAPACIDAD,90000000,25523668
28,28,1,FORMACION DOCENTE,13081055.98,15602470.75
28,28,2,PRODUCCION DE PROGRAMAS INFORMATIVOS DE RADIO,21168899.63,22297538.02
28,28,3,PROGRAMA DE PREVISION Y SEGURIDAD SOCIAL DE LOS TRABAJADORES DEL ESTADO,16485236,15128323.2
28,28,4,PROGRAMA DE IGUALDAD DE GENERO,19654977.4,35597134.58
28,28,5,PROGRAMA DE CAPACITACION Y CERTIFICACION DE COMPETENCIAS,297707000,318553320.82
28,28,6,SERVICIO DE ASIGNACION DE BECAS Y ESTIMULOS EDUCATIVOS,18397385,17850719.71
28,28,7,EDUCACION MEDIA SUPERIOR Y SUPERIOR,1283701792.2,1854469781.35
28,28,8,EDUCACION PARA ADULTOS,158946359.82,165557552.95
28,28,9,SERVICIOS DE SALUD,6204627365.47,8772395109.06
28,28,10,ATENCION AL DEPORTE,111806532,104609487.81
28,28,11,DESARROLLO CULTURAL Y ARTISTICO,147944890.96,148540070.63
28,28,12,SERVICIOS DE EDUCACION UNIVERSITARIA,3928376567,3659602683.04
28,28,13,PROGRAMA DE GENERACION DE CAMBIO Y BIENESTAR SOCIAL,2211933.06,155527615.24
28,28,14,PROGRAMA DE PARQUES Y CENTROS DE BIENESTAR,4468003.45,45181411.46
28,28,15,ENSEÑANZA BASICA,18030299702.45,16495361538.05
28,28,16,PROGRAMA DE JOVEN A JOVEN,14180727.76,11115969.67
28,28,17,PROGRAMA DE SERVICIOS MEDICOS DE ASISTENCIA SOCIAL,0,34080716.44
28,28,18,PROGRAMA DE ATENCION A PERSONAS CON DISCAPACIDAD,12369225.84,34967169.52
28,28,19,PROGRAMA DE FORTALECIMIENTO A CENTROS ASISTENCIALES,0,68538861.78
28,28,20,PROGRAMA DE PREVENCION DE VIOLENCIA EN LOS GRUPOS VULNERABLES,0,63247645.99
28,28,21,PROGRAMA DE ASISITENCIA SOCIAL ALIMENTARIA,87621944.5,108842266.56
28,28,22,PROGRAMA DE RECAUDACION DE FONDOS Y ACCIONES SOCIALES,0,3937550
28,28,23,PROGRAMA DE PROTECCION Y ATENCION A VICTIMAS DE VIOLENCIA,0,8094262.27
28,28,24,GESTION DEL RECURSO AGUA,3774262.43,3774262.43
28,28,25,PROGRAMA DE BIENESTAR EMOCIONAL,10971600.81,181959690.97
28,28,26,PROGRAMA INTEGRACION DE PADRES DE FAMILIA EN EL PROCESO EDUCATIVO,0,11749263.16
28,28,27,PROGRAMA DE VINCULACION CON ORGANISMOS DE LA SOCIEDAD CIVIL,2364084.38,2927540.11
28,28,28,PROGRAMA DE COMEDORES DE BIENESTAR COMUNITARIO,0,12346500
28,28,29,PROGRAMA DE BIENESTAR ALIMENTICIO,322144670.32,822157598.55
28,28,30,BECAS ACCION,14210000,14208750
28,28,31,PROGRAMA DE DEPORTE DE ALTO RENDIMIENTO,0,25742926.92
28,28,32,PROGRAMA DE BECAS ESCOLARES,148271901.87,18804100
28,28,33,PROGRAMA BECAS TAM NIVEL SUPERIOR,0,37683914.6
28,28,34,PROGRAMA DE DESAYUNOS ESCOLARES Y ESPACIOS DE ALIMENTACION,213300375.66,223298542.42
28,28,35,PROGRAMA NUESTROS NIÑOS NUESTRO FUTURO,0,7196089.87
28,28,36,ATENCION CIUDADANA PARA EL DESARROLLO RURAL,2600857.46,3397353.43
28,28,37,ATENCION CIUDADANA PARA EL BIENESTAR SOCIAL,1130983.94,13002902.89
28,28,38,JUNTOS POR TAMAULIPAS,0,61539565.29
28,28,39,PROGRAMA DE JORNADAS PARA MEJORAMIENTO AMBIENTAL,1954374.37,2044578.22
28,28,40,PROGRAMA DE DESARROLLO COMUNITARIO,0,3360000
29,29,1,PROGRAMA UNIDADES MOVILES DE CAPACITACION TECNOMOVILES,3938035,3504419.54
29,29,2,PROGRAMA SISTEMA ESTATAL DE ASISTENCIA TECNICA,3596642,3402556.66
29,29,3,PROGRAMA IMPULSO A LA AGROINDUSTRIA RURAL,1969065,1875122.29
29,29,4,PROGRAMA AGRICULTURA URBANA,4051957.5,3873659.72
29,29,5,PROYECTOS INTEGRALES DE DESARROLLO RURAL,33743887.55,33269787.96
29,29,6,PROYECTO DE FINANCIMIENTO A MICROEMPRESAS PARA LAS MUJERES Y JOVENES RURALES,3230000,3162411.71
29,29,7,PROYECTO ESTATAL DE REFORESTACION,2000000,2000000
29,29,8,PROYECTO DE RENOVACION Y MANTENIMIENTO DE MAQUINARIA PARA USO AGRICOLA,1000000,1000000
29,29,9,PROYECTO DE APROVECHAMIENTO DE AGUA CAPTADA PARA USO AGRICOLA,3000000,2610700
29,29,10,PROYECTO DE REPOBLACION Y APROVECHAMIENTO SUSTENTABLE DE MAGUEY,2000000,2000000
29,29,11,SEGURO AGRICOLA PARA ATENDER SINIESTRO AGROCLIMATICOS,16000000,16000000
29,29,12,PROYECTO DE CAPACITACION EN SANIDAD VEGETAL Y CAMPAÑA DE CAMPO LIMPIO,700000,634057.26
29,29,13,PROGRAMA DE APOYO E IMPULSO AL SECTOR AGRICOLA,92763088.77,91723341.07
29,29,14,FOMENTO E INNOVACION AGROPECUARIA,1363780.09,1363780.09
29,29,15,FOMENTO A LA ACTIVIDAD ACUICOLA Y PESQUERA,2158100,2088379
29,29,16,PROGRAMA PARA LA ADQUISICION DE SEMOVIENTRES CAPITALIZANTE,3096717,3052150
29,29,17,PROGRAMA DE APOYO A LA COMPETITIVIDAD OVINOS PACO,1161570,1154000
29,29,18,PROYECTO DE FORTALECIMIENTO A LA LECHERIA FAMILIAR,2781146,2752500
29,29,19,PROYECTO GENETICO ESTATAL,750295,742000
29,29,20,PROGRAMA DE APOYO A LA ECONOMIA FAMLIAR,19840000,19548191
29,29,21,PROYECTO DE ACCIONES DE MITIGACION DEL CAMBIO CLIMATICO PARA EL SECTOR ACUICOLA Y PECUARIO,3500000,3441258
29,29,22,DESAYUNOS ESCOLARES,122570429.35,122570429.35
29,29,23,ASISTENCIA SOCIAL ALIMENTARIA A PERSONAS DE ANTENCION PRIORITARIA,41336288,41336288
29,29,24,ENTREGA DE APOYOS FUNCIONALES,1704000,295000
29,29,25,ATENCION ESPECIALIZADA A LA SALUD,6646768,6646768
29,29,26,TLAXCALA SIN REZAGO EDUCATIVO CON EDUCACION PARA ADULTOS,15166598,14185321.01
29,29,27,RADIO JOVEN TLX,333000,333000
29,29,28,APOYO ECONOMICO A ORGANIZACIONES JUVENILES DE LA CONVOCATORIA EXPANSION,160000,160000
29,29,29,PROGRAMA DE ACCIONES CULTURALES MULTILINGUES Y COMUNITARIAS PACMYC,300000,300000
29,29,30,PROGRAMA DE ESTIMULO A LA CREACION Y DESARROLLO ARTISTICO,500000,500000
29,29,31,PROGRAMA DE DESARROLLO CULTURAL INFANTIL,250000,250000
29,29,32,PROGRAMA NACIONAL DE SALAS DE LECTURA,150000,150000
30,30,1,JOVENES TRANSFORMANDO EL ESPACIO PUBLICO,800000,799982
30,30,2,PREMIOS ESTATAL DE LA JUVENTUD,200000,200000
30,30,3,PROYECTOS SOLIDARIOS DE RE ANIMADORES SOCIOCULTURALES,600000,564000
30,30,4,RECTORIA DEL SISTEMA DE SALUD,8030420,8251797
30,30,5,ATENCION A LA SALUD Y MEDICAMENTOS GRATUITOS PARA LA POBLACION SIN SEGURIDAD SOCIAL,3124162985,3124162985
30,30,6,MUJERES EMPRENDEDORAS,60555000,60510000
30,30,7,MODULOS HACIA LA AUTOSUFICIENCIA ALIMENTARIA,25445000,25410000
30,30,8,MODULOS COMUNITARIOS DE AGUA POTABLE,1000000,980000
30,30,9,IMPULSO A LA CONSOLIDACION DE LAS CAPACIDADES PRODUCTIVAS DE LAS MIPYMES VERACRUZANAS,2300000,2245640
30,30,10,LISTO PARA COMERCIALIZAR,2156630,1632995.5
30,30,11,REGISTRO UNICO DE PRODUCTORES VERACRUZANOS,NA,NA
30,30,12,ENTREGA DE ESCRITURAS PUBLICAS,NA,NA
30,30,13,CAPACITACION PARA LA EMPLEABILIDAD,8815451,8524740
30,30,14,POR LOS DERECHOS DE NIÑAS NIÑOS Y ADOLESCENTES,46789384,24854186.87
30,30,15,DESARROLLO A LA VIVIENDA Y LA COMUNIDAD,42000000,41999432.07
30,30,16,PROYECTOS PRODUCTIVOS,35300104,35191368.54
30,30,17,ESTRATEGIA INTEGRAL DE ASISTENCIA SOCIAL ALIMENTARIA,866863901,866861901
30,30,18,ASISTENCIA E INCLUSION SOCIAL,20000000,19999644
30,30,19,PERSONAS CON DISCAPACIDAD POR UNA REHABILITACION E INCLUSION SOCIAL,NA,NA
30,30,20,ATENCION INTEGRAL A PERSONAS ADULTAS MAYORES,41000000,40308902
30,30,21,ATENCION A LA COMUNIDAD,NA,NA
30,30,22,PROGRAMA DE VIVIENDA SOCIAL,44904558.85,41661386.47
30,30,23,PROGRAMA ESPECIAL DE VIVIENDA PARA DEUDOS DE POLICIAS CAIDOS EN CUMPLIMIENTO DEL DEBER EN APEGO A LA LEY 290,8000000,7355420
30,30,24,PROGRAMA CALIDAD Y ESPACIOS PARA LA VIVIENDA CUARTO PARA DORMITORIO,109738671,109105714.96
30,30,25,PROGRAMA CALIDAD Y ESPACIOS PARA LA VIVIENDA CUARTO PARA BAÑO,17415000,17367333.62
30,30,26,PROGRAMA DE ACCIONES CULTURALES MULTILINGUES Y COMUNITARIAS,2919198,2635182
30,30,27,ESTIMULOS AL DESARROLLO CULTURAL DE LA HUASTECA DE VERACRUZ 2021,300000,300000
30,30,28,ESTIMULOS AL DESARROLLO CULTURAL DEL ISTMO DE VERACRUZ 2021,300000,300000
30,30,29,CERTIFICACION VERDE,NA,NA
31,31,1,ENTANCIA TEMPORAL,1201000,1502759.99
31,31,2,GESTION SOCIAL,0,1382966.22
31,31,3,IMPULSO ESCOLAR,89338091,89552622.76
31,31,4,MICROYUC SOCIAL,2700000,2890000
31,31,5,MICROYUC PRODUCTIVO,0,20296160.36
31,31,6,MEDICO A DOMICILIO,47474540,41945475.48
31,31,7,MEDICO 247,146976524,142458181.21
31,31,8,PROGRAMA EMERGENTE DE APOYO COMUNITARIO,0,10071452
31,31,9,PROGRAMA DE SEGURIDAD ALIMENTARIA EN COMISARIAS Y ZONAS VULNERABLES,0,1313385.07
31,31,10,PROGRAMA PINTANDO TU FACHADA,0,503785.65
32,32,1,FORTALECIMIENTO A LAS INSTANCIAS MUNICIPALES DE LAS MUJERES EN EL ESTADO DE ZACATECAS 2021,350000,86500
32,32,2,APOYO EMERGENTE A MUJERES VICTIMAS DE VIOLENCIA EN EL ESTADO DE ZACATECAS EJERCICIO 2021,1840000,1110000
32,32,3,EQUIPAMIENTO SOCIAL 2021,11199275.58,11199275.58
32,32,4,INFRAESTRUCTURA SOCIAL BASICA 2021,63658392.42,63658392.42
32,32,5,FORTALECIMIENTO A LA ATENCION MEDICA PARA EL EJERCICIO FISCAL 2021,10957980.9,10811405.68
32,32,6,MEJORAMIENTO A LA VIVIENDA,54339777,54317534.99
32,32,7,ENTREGA DE BECAS PROBESI EDUCACION PRIMARIA PARA HIJOS DE TRABAJADORES DE LA EDUCACION,3830400,3830400
32,32,8,ENTREGA DE BECAS PROBESI EDUCACION SECUNDARIA PARA HIJOS DE TRABAJADORES DE LA EDUCACION,1596400,1596400
32,32,9,ENTREGA DE BECAS PROBESI EDUCACION SUPERIOR PARA HIJOS DE TRABAJADORES DE LA EDUCACION,3016800,3016800
32,32,10,APOYO SOCIAL AL DESEMPEÑO EN LA FUNCION DOCENTE PARA MAESTRAS Y MAESTROS DE EDUCACION FISICA DE EDUCACION BASICA FEDERALIZADA,2299995.14,2299995.14
32,32,11,APOYO SOCIAL PARA TITULACION DE LAS TRABAJADORAS Y TRABAJADORES DE LA EDUCACION BASICA,300000,300000
32,32,12,APOYO SOCIAL AL DESEMPEÑO EN LA FUNCION DE LAS Y LOS ACOMPAÑANTES MUSICALES DE PREESCOLAR DE EDUCACION BASICA FEDERALIZADA,299999.85,299999.85
